shortMethodName,overlongMethodName
isJson,is Java Script Object Notation
setConfigClusterName,set Configuration Cluster Name
getNum,get Number
getAppId,get Application Identifier
initPropertyFileCacheEnabled,initialize Property File Cache Enabled
createConfigRepository,create Configuration Repository
transformEnv,transform Environment
readConfigFile,read Configuration File
getPrivilType,get Privilege Type
getOpName,get Operation Name
getLineNum,get Line Number
getHomepageUrl,get Homepage Uniform Resource Locator
getConfigServices,get Configuration Services
getAppName,get Application Name
calcPropertyChanges,calculate Property Changes
processApolloJsonValue,process Apollo Java Script Object Notation Value
processApolloConfig,process Apollo Configuration
notifyAsync,notify Asynchrony
getEnvClusterInfo,get Environment Cluster Information
getEnv,get Environment
getConfigFileContent,get Configuration File Content
initAppRoles,initialize Application Roles
hasManageAppMasterPermission,has Manage Application Master Permission
openApiAuthenticationFilter,open application program interface Authentication Filter
releasesPathVal,releases Path Value
envPathVal,environment Path Value
addParam,add Parameter
jdbcUserDetailsManager,java database connectivity User Details Manager
initDeprecatedAccessKey,initialize Deprecated Access Key
initApolloClientInternal,initialize Apollo Client Internal
enrichAdditionalUserInfo,enrich Additional User Information
defaultSsoHeartbeatHandler,default single sign on Heartbeat Handler
initPropertiesOrdered,initialize Properties Ordered
updateConfig,update Configuration
setEnv,set Environment
setConfigServices,set Configuration Services
parseJsonValue,parse Java Script Object Notation Value
onAppDeletionEvent,on Application Deletion Event
mockConfigServiceUrl,mock Configuration Service Uniform resource locator
longPollingTimeoutInMilli,long polling Timeout In Millisecond
loadServerConfig,load Server Configuration
isConfigViewMemberOnly,is Configuration View Member Only
isConfigHidden,is Configuration Hidden
getNamespacePublishInfo,get Namespace Publish Information
getEnvClusterInfo,get Environment Cluster Information
createMissingAppNamespace,create Missing Application Namespace
configService,configuration Service
checkHttpResponseStatus,check Hypertext Transfer Protocol Response Status
buildNamespaceTargetId,build Namespace Target Identifier
emailConfigUser,email Configuration User
buildHttpHeaders,build Hypertext Transfer Protocol Headers
writeAppInfoToZip,write Application Information To Zip
tryToGetClientIp,try To Get Client Internet Protocol
setItemModifiedCnt,set Item Modified Count
setEnv,set Environment
setConfigText,set Configuration Text
setClusterInfo,set Cluster Information
sendPublishMsg,send Publish Message
renderDiffModule,render Different Module
namespacePublishInfo,namespace Publish Information
isEnvActive,is Environment Active
getLineNum,get Line Number
getHttpStatus,get Hypertext Transfer Protocol Status
getExtInfo,get Extension Information
getEnv,get Environment
getDiffModuleTemplate,get Different Module Template
getConfigFile,get Configuration File
getClientIpList,get Client Internet Protocol List
emailRollbackDiffModuleTemplate,email Rollback Different Module Template
createNewApp,create New Application
batchTransformFromJSON,batch Transform From Java Script Object Notation
batchDeleteInstanceConfig,batch Delete Instance Configuration
toServiceDTO,to Service Data Transfer Object
yamlToProperties,yet another markup languge To Properties
toHexString,to Hexadecimal String
setLocalCacheDir,set Local Cache Directory
releaseMessageNotificationBatchIntervalInMilli,release Message Notification Batch Interval In Millisecond
printYaml,print yet another markup languge
printEnvInfo,print Environment Information
parseToMillis,parse To Milliseconds
initEnvType,initialize Environment Type
handleIOException,handle Input Output Exception
getValidInstanceConfigDate,get Valid Instance Configuration Date
getUri,get Uniform Resource Identifier
getIp,get Internet Protocol
getEnvType,get Environment Type
getConfig,get Configuration
getBOM,get Byte Order Mark
getAppRoles,get Application Roles
getApolloEnv,get Apollo Environment
createYaml,create yet another markup languge
buildAppRoleName,build Application Role Name
assembleMetaServiceUrl,assemble Metadata Service Uniform resource locator
downloadFileFromURL,download File From Uniform Resource Locator
convertJsonString,convert Java Script object Notation String
transformEnv,transform Environment
initAppLabel,initialize Application Label
initNamespaceEnvRoles,initialize Namespace Environment Roles
getNamespaceEnvRoles,get Namespace Environment Roles
getEnv,get Environment
addStdFeatures,add Standard Features
clearRect,clear Rectangle
createCompatibleDestImage,create Compatible Destination Image
getGenerateEncodeParam,get Generate Encode Parameter
getNumPages,get Number Pages
getRefPrefix,get Reference Prefix
getRefPrefix,get Reference Prefix
getAvgCharWidth,get Average Char Width
setDst,set Destination
createOutputDir,create Output Directory
runImpl,run Implementation
getNumRecords,get Number Records
setDevBase,set Development Base
setSrc,set Source
setDest,set Destination
getStartPos,get Start Position
getCharNumAtPosition,get Char Number At Position
genRect,generate Rectangle
setObj,set Object
getYLoc,get Y Location
getNumOctaves,get Number Octaves
initLattice,initialize Lattice
getSrcValue,get Source Value
calcDist,calculate Distance
getFlowDiv,get Flow Division
gatherRegionInfo,gather Region Information
getEndIdx,get End Index
setChangeSrc,set Change Source
genRect,generate Rectangle
getFontAttrs,get Font Attributes
updateRangeInfo,update Range Information
getNumGlyphs,get Number Glyphs
getExtShape,get Extended Shape
getRenderRect,get Render Rectange
updateInfo,update Information
getTempDirectory,get Temporary Directory
setConfig,set Configuration
buildDiffImage,build Difference Image
makeTempFileName,make Temporary File Name
setPrev,set Previous
getPortStr,get Port String
getSegType,get Segment Type
handleDOMAttrModifiedEvent,handle Document Object Model Attribute Modified Event
convertFilterRes,convert Filter Resolution
writeUTF,write Unicode Transformation Format
getParam,get Parameter
initKeyEvent,initialize Key Event
getPatternRect,get Pattern Rectangle
getURI,get Uniform Resource Identifier
toFormattedHTML,to Formatted Hyper Text Markup Language
setXMLReader,set Extensible markup language Reader
getBaseVal,get Base Value
attrAdded,attribute Added
getAnimVal,get Animated Value
getURL,get Uniform Resource Locator
getStdDeviationX,get Standard Deviation X
setFilterRes,set Filter Resource
getHref,get Hypertext reference
getPathSegAtLength,get Path Segment At Length
getPathSegList,get Path Segment List
createSVGNumber,create Scalable Vector Graphics Number
getCharNumAtPosition,get Char Number At Position
getPrevValue,get Previous Value
preserveXMLSpace,preserve Extensible markup language Space
getReferencedURI,get Referenced Uniform Resource Identifier
printXMLDecl,print Extensible Markup Language Declaration
attrAdded,attribute Added
getPathSegType,get Path Segment Type
createSVGItem,create Scalable Vector Graphics Item
getCssText,get Cascading Style sheets Text
getPathSegType,get Path Segment Type
getDefaultEncodeParam,get Default Encode Parameter
initMouseEvent,initialize Mouse Event
computeDstFiles,compute Destination Files
getRef,get Reference
getHref,get Hypertext reference
getNumGlyphs,get Number Glyphs
getURL,get Uniform Resource Locator
initMap,initialize Map
handleHREF,handle Hypertext reference
getTargetInfo,get Target Information
getParams,get Parameters
getPathSegList,get Path Segment List
setStdDeviation,set Standard Deviation
attrChanged,attribute Changed
getPathSegAtLength,get Path Segment At Length
setAnimationLimitingCPU,set Animation Limiting Central Processing Unit
addDefinitionRef,add Definition Reference
parseCalcMode,parse Calculation Mode
getPathLengthObj,get Path Length Object
getPathSegAtLength,get Path Segment At Length
attrModified,attribute Modified
getSchemaTypeInfo,get Schema Type Information
buildGUI,build Graphical User Interface
addConfigPanel,add Configuration Panel
getLSB,get Left Side Bearing
getRSB,get Right Side Bearing
getNumChars,get Number Chars
toSVG,to Scalable Vector Graphics
getDef,get Definition
getUrl,get Uniform resource locator
batchClientRefIncr,batch Client Reference Increase
isJsonArray,is Java script object notation Array
checkZeroArgConstructor,check Zero Argument Constructor
isJdk,is Java development kit
getConstructorArg,get Constructor Argument
createPathURLAddress,create Path Uniform resource locator Address
getExportAsync,get Export Asynchrony
getExportThreadNum,get Export Thread Number
getReferAsync,get Reference Asynchrony
getUrl,get Uniform resource locator
info,information
getUrl,get Uniform resource locator
sayHelloAsync,say Hello Asynchrony
buildURLs,build Uniform resource locators
toUrlWithEmpty,to Uniform resource locator With Empty
getMsg,get Message
attachInvocationIdIfAsync,attach Invocation Identifier If Asynchrony
getApiVersion,get Application program interface Version
getAppName,get Application Name
getArgArray,get Argument Array
getStr_value,get String value
indexLastCol,index Last Column
isHttp,is Hypertext transfer protocol
setNum_value,set Number value
setRegex,set regular expression
startQosServer,start Quality of service Server
findPid,find port identifier
getOS,get Operating System
updateConfig,update Configuration
defaultInst,default Instance
getSchemeFromUrl,get Scheme From Uniform resource locator
initMetricsInvoker,initialize Metrics Invoker
initClient,initialize Client
setServerAddr,set Server Address
getAuth,get Authentication
setAuth,set Authentication
createMultiValue,create Multiple Value
getConfig,get Configuration
getDesc,get Description
getServiceNamesForOps,get Service Names For Operations
initDirectory,initialize Directory
setServerAddr,set Server Address
addParam,add Parameter
charBuf,char Buffer
decodeUtf8Component,decode unicode transformation format 8 Component
parseDecodedParams,parse Decoded Parameters
parseDecodedStr,parse Decoded String
getListingJson,get Listing Java script object notation
getGroupDescFromServiceKey,get Group Description From Service Key
isInfoEnabled,is Information Enabled
writeUTF,write unicode transformation format
absoluteDir,absolute Directory
addConsumerParams,add Consumer Parameters
checkJdkProvider,check Java development kit Provider
checkMultiName,check Multiple Name
findSslProvider,find Secure Sockets Layer Provider
fromJdkLevel,from Java development kit Level
getAppSubscription,get Application Subscription
getConsumerAddressNum,get Consumer Address Number
getIncludeSpringEnv,get Include Spring Environment
getInstanceParams,get Instance Parameters
getJavaDoc,get Java Document
getMaxCapacity,get Maximum Capacity
getParameterTypesDesc,get Parameter Types Description
getRef,get Reference
configCenter,configuration Center
configFile,configuration File
getIp,get Internet Protocol
appendArgumentConfig,append Argument Configuration
createIfLogDirAbsent,create If Log Directory Absent
illegalHttpHeaderKey,illegal Hypertext Transfer Protocol Header Key
registryConfig,registry Configuration
checkUniqueConfig,check Unique Configuration
isSsl,is Secure sockets layer
mergeUrl,merge Uniform resource locator
setUrlMergeProcessor,set uniform resource locator Merge Processor
buildServerSslContext,build Server Secure sockets layer Context
configServerPipeline,configure Server Pipeline
determineRpcType,determine Remote procedure call Type
getCompatibleParamSignatures,get Compatible Parameter Signatures
getParamDesc,get Parameter Description
initChannel,initialize Channel
tranFromStatusDetails,transfer From Status Details
checkRef,check Reference
demoServiceImpl,demo Service Implementation
generateConfigId,generate Configuration Identifier
getBeanInfo,get Bean Information
getClassDesc,get Class Description
getDefaultAppModel,get Default Application Model
getExportAsync,get Export Asynchrony
initContext,initialize Context
loadConfigsOfTypeFromProps,load Configurations Of Type From Properties
safeGetModelDesc,safe Get Model Description
addConsumerParams,add Consumer Parameters
addRpcException,add remote procedure call Exception
buildErrorMsg,build Error Message
calcPreferredInvoker,calculate Preferred Invoker
checkMultiExtension,check Multiple Extension
defaultVal,default Value
xmlContentEscaper,extensible markup language Content Escaper
xmlAttributeEscaper,extensible markup language Attribute Escaper
writeUTF,write Unicode Transformation Format
writeBytesToImpl,write Bytes To Implementation
useFrqInSeparateLoader,use Finalizable Reference Queue In Separate Loader
urlFormParameterEscaper,uniform resource locator Form Parameter Escaper
urlByteSourceFactory,uniform resource locator Byte Source Factory
upperToHttpHeaderName,upper To Hypertext Transfer Protocol Header Name
upperBoundFn,upper Bound Function
unpairedSurrogateMsg,unpaired Surrogate Message
twoMixedArgs,two Mixed Arguments
toStringImpl,to String Implementation
toAddrString,to Address String
timeoutMillis,timeout Milliseconds
targetNodeFn,target Node Function
subSetImpl,sub Set Implementation
stopAsync,stop Asynchrony
staticOneArgThrowsOtherThanNpe,static One Argument Throws Other Than Null Pointer Exception
staticOneArg,static One Argument
startAsync,start Asynchrony
startAsync,start Asynchrony
sqrtApproxWithDoubles,sqrt Approximate With Doubles
sourceNodeFn,source Node Function
sleepMillis,sleep Milliseconds
setCountImpl,set Count Implementation
roundToInt,round To Intermediate
resourceInfo,resource Information
removeMinFromReplica,remove Minimum From Replica
removeMin,remove Minimum
removeMaxFromReplica,remove Maximum From Replica
removeMax,remove Maximum
referenceCrc,reference Cyclic Redundancy Check
readUTF,read Unicode Transformation Format
readInt,read Integer
randomOp,random Operation
publicApiOnly,public Application program interface Only
privateVarArgsMethod,private Variable Arguments Method
privateVarArgsMethod,private Variable Arguments Method
populateProb1,populate Probability 1
partitionImpl,partition Implementation
packagePrivateOneArg,package Private One Argument
optimalNumOfHashFunctions,optimal Number Of Hash Functions
optimalNumOfBits,optimal Number Of Bits
oneNullableArgThrows,one Nullable Argument Throws
oneArgCorrectlyThrowsNpe,one Argument Correctly Throws Null Pointer Exception
oneArg,one Argument
noMulOverflow,no Multiply Overflow
noArg,no Argument
newTypeVariableImpl,new Type Variable Implementation
newDir,new Directory
negativeToMaxValue,negative To Maximum Value
mulMod,multiple Mod
measureTotalTimeMillis,measure Total Time Milliseconds
maxValue,maximum Value
maxEncodedSize,maximum Encoded Size
makeJarUrlWithName,make Jar Uniform resource locator With Name
lowerBoundFn,lower Bound Function
longMulOverflow,long Multiple Overflow
loadAsync,load Asynchrony
legacyAsync,legacy Asynchrony
jdkTypeDuplicatesOwnerName,Java development kit Type Duplicates Owner Name
isVarArgs,is Variable Arguments
isUriInetAddress,is Uniform resource identifier Internet Address
isAppEngineWithApiClasses,is Application Engine With Application program interface Classes
ipStringToBytes,internet protocol String To Bytes
invokeAnyImpl,invoke Any Implementation
initThreeCopies,initialize Three Copies
initTable,initialize Table
implCloseChannel,implement Close Channel
htmlEscaper,hyperText markup language Escaper
headSetImpl,head Set Implementation
getTestDir,get Test Directory
getTestDir,get Test Directory
getNumEntries,get Number Entries
getNumElements,get Number Elements
getMaxElementIndex,get Maximum Element Index
getJdkNextDown,get Java development kit Next Down
getImpl,get Implementation
getClassPathUrls,get Class Path Uniform resource locators
getBaseUrl,get Base Uniform resource locator
generateDummyArg,generate Dummy Argument
fpPattern,floating point Pattern
forUriString,for Uniform resource identifier String
findMin,find Minimum
equalsImpl,equals Implementation
doTestToArrayImpl1,do Test To Array Implementation 1
diffLastJava,differ Last Java
detectJvmBehavior,detect Java virtual machine Behavior
detectJvmBehavior,detect Java virtual machine Behavior
createTempFile,create Temporary File
createTempDir,create Temporary Directory
createTempDir,create Temporary Directory
closeAsync,close Asynchrony
classInfo,class Information
checkGwtRpcEnabled,check google web toolkit remote procedure call enabled
canonicalizeTypeArg,canonicalize Type Argument
callAsync,call Asynchrony
buildJdkBacked,build Java development kit Backed
base64Url,base 64 uniform resoure locator
assertBasicXmlEscaper,assert Basic extensible markup language escaper
readArgType,read Argument Type
isDebugInfo,is Debug Information
createTempFile,create Temporary File
parseArgType,parse Argument Type
makeXmlDump,make Extensible Markup Language Dump
getAttrTypeAsString,get Attribute Type As String
decodeProto,decode Prototype
getAndroidResMap,get Android Resource Map
getZipRef,get Zip Reference
getInfoStorage,get Information Storage
parseXml,parse Extensible Markup Language
parseAppStrings,parse Application Strings
getMinSdkVersion,get Minimum Software Development Kit Version
getApplicationParams,get Application Parameters
makeJsonObject,make Java Script object notation object
makeLongStringHtml,make Long String Hyper text markup language
makeDescString,make Description String
isBinaryXml,is Binary Extensible Markup Language
hasDescString,has Description String
getProcessByPkg,get Process By Package
getDeviceInfo,get Device Information
getCmdSelectClass,get Command Select Class
unregisterEventSync,unregister Event Synchronization
setRegNodes,set Register Nodes
setDefPos,set Definite Position
searchClassNodeByOrigFullName,search Class Node By Original Full Name
scrollToProcNode,scroll To Process Node
makeLongStringHtml,make Long String Hyper text markup language
getFocusedComp,get Focused Component
getDebuggerStackFrameSplitterLoc,get Debugger Stack Frame Splitter Location
execResumeCmd,execute Resume Command
decodeArrayVal,decode Array Value
buildRegValueSetter,build Register Value Setter
getDeobfuscationMinLength,get Deobfuscation Minimum Length
generateTagAttrName,generate Tag Attribute Name
writeNullableUTF,write Nullable Unicode Transformation Format
validateOutDirs,validate Out Directories
updateArgType,update Argument Type
setParamAnnotationsOffset,set Parameter Annotations Offset
setDeclClass,set Declaring Class
setCodeVar,set Code Variable
setCodeRef,set Code Reference
searchJavaClassByOrigFullName,search Java Class By Original Full Name
searchArgWithName,search Argument With Name
parseConfig,parse Configuration
parseAttrList,parse Attributes List
openInit,open Initialize
newArrayMulti,new Array Multiple
navToDecl,nav To Declaration
mergeMultiCatch,merge Multiple Catch
makeRefLambda,make Reference Lambda
makeNameWithoutPkg,make Name Without Package
makeFakeArg,make Fake Argument
makeDirFromInput,make Directory From Input
makeCodeArgsHash,make Code Arguments Hash
localToReg,local To Register
loadWindowPos,load Window Position
loadCurrentSingleRes,load Current Single Resources
isUseRegex,is Use Regular Expression
isUseRef,is Use Reference
isReturnArgAssignInPred,is Return Argument Assign In Predecessor
isPkgEnabled,is Package Enabled
isModuleInfo,is Module Information
isJsonOutput,is Java Script object notation Output
getParamName,get Parameter Name
getParamList,get Parameter List
getParamAsList,get Parameter As List
getMsg,get Message
getMethodRef,get Method Reference
getMethodProto,get Method Prototype
getJson,get Java Script object notation
getJavaNodeByRef,get Java Node By Reference
getElemType,get Element Type
getCurrentDir,get Current Directory
getConstFieldByLiteralArg,get Const Field By Literal Argument
getAppPackage,get Application Package
getApiOpcode,get Application program interface Opcode
forPkg,for Package
formatMsg,format Message
cutLastPkgPart,cut Last Package Part
createVirtualEnv,create Virtual Environment
createTempRootDir,create Temporary Root Directory
countPkgParts,count Package Parts
copyCommonParams,copy Common Parameters
convertToStr,convert To String
containsGenericArgs,contains Generic Arguments
collectRootPkgs,collect Root Packages
collectFilesInDir,collect Files In Directory
checkVar,check Variable
checkSourceFilenameAttr,check Source Filename Attribute
checkRegisterArg,check Register Argument
checkPos,check Position
checkForMultiCatch,check For Multiple Catch
checkCodeVars,check Code Variables
checkArgTypes,check Argument Types
calcHashCode,calculate Hash Code
bytesToHex,bytes To Hexadecimal
getResStorage,get Resource Storage
setOutDirRes,set Out Directory Resource
getOutDirSrc,get Out Directory Source
openJdk,open Java Development Kit
launchWithDebugEnv,launch With Debug Environment
bootDistZipJarApp,boot Distributed Zip Jar Application
jsonEntry,Java Script Object Notation Entry
addArgs,add Arguments
assertEnvValue,assert Environment Value
initializeTempFile,initialize Temporary File
getNumberOfUtfBytes,get Number Of Unicode Transformation Format Bytes
getRelativeArchiveDir,get Relative Archive Directory
hasUserAuth,has User Authentication
setCertPath,set Certification Path
configureParametersCompilerArg,configure Parameters Compiler Argument
getJavaDoc,get Java Document
copyToTemp,copy To Temporary
fromImageConfig,from Image Configuration
initFields,initialize Fields
initFields,initialize Fields
loadYaml,load yet another markup languge
remoteDevToolsAccessManager,remote Development Tools Access Manager
getAppDirectory,get Application Directory
getAstTransformations,get Abstract syntax tree Transformations
addAstTransformations,add Abstract syntax tree Transformations
mvcConversionService,model view controller Conversion Service
configureAsyncSupport,configure Asynchrony Support
errorHtml,error hyper text markup language
getMaxHttpHeaderSize,get Maximum hyperText transfer protocol Header Size
setMaxInitialLineLength,set Maximum Initial Line Length
getMaxHttpPostSize,get Maximum hyperText transfer protocol Post Size
setDecodeUrl,set Decode Uniform Resource Locator
hiddenHttpMethodFilter,hidden HyperText transfer protocol Method Filter
getMaxInMemorySize,get Maximum In Memory Size
httpHandler,hyperText transfer protocol Handler
acceptsTextHtml,accepts Text hyper text markup language
customizeMaxKeepAliveRequests,customize Maximum Keep Alive Requests
setApiKey,set Application program interface Key
setMetadataUri,set Metadata Uniform resource identifier
setUserInfoAuthenticationMethod,set User Information Authentication Method
isShowSql,is Show Structured Query Language
determineServerUri,determine Server Uniform resource identifier
getFetchMaxWait,get Fetch Maximum Wait
getStateDir,get State Directory
isAutoStartup,is Automatic Startup
getAsyncAcks,get Asynchronous Acknowledgements
getFetchMinSize,get Fetch Minimum Size
dslContext,digital subscriber line Context
getJdbc,get Java Database Connectivity
getMaxMessagesPerPoll,get Maximum Message Per Poll
reorderXmlConvertersToEnd,reorder Extensible markup language Converters To End
hasUserInfo,has User Information
getMaxRedirects,get Maximum Redirects
isSsl,is Secure Sockets Layer
getMaxInMemorySize,get Maximum In Memory Size
setSsl,set Secure sockets layer
resolveConfigLocation,resolve Configuration Location
getConfig,get Configuration
setChannelRpcTimeout,set Channel Remote procedure call Timeout
getChannelRpcTimeout,get Channel Remote procedure call Timeout
getApiToken,get Application program interface Token
getUri,get uniform resource identifier
braveHttpServerHandler,brave HyperText transfer protocol Server Handler
getMaxUriTags,get Maximum Uniform resource identifier Tags
jvmInfoMetrics,java virtual machine Information Metrics
apiToken,Application program interface Token
setMaxPacketLength,set Maximum Packet Length
getBaseUrl,get Base Uniform resource locator
getApiVersion,get Application program interface Version
getApiKeyCredentials,get Application program interface Key Credentials
numThreads,number Threads
setConfigRefreshFrequency,set Configure Refresh Frequency
dbHealthContributor,database Health Contributor
getPathInfo,get Path Information
createTempFile,create Temporary File
initHandlerMethods,initialize Handler Methods
getHref,get Hypertext reference
keyIsUriWithUserInfo,key Is Uniform resource identifier With User Information
getEndpointId,get Endpoint Identifier
setDefaultUri,set Default Uniform resource identifier
deregisterJdbcDrivers,deregister Java database connectivity Drivers
createTempDir,create Temporary Directory
getUriEncoding,get Uniform resource identifier Encoding
getMinResponseSize,get Minimum Response Size
engineInit,engine Initialization
configureSslPasswords,configure Secure sockets layer Passwords
addJspServlet,add Java server pages servlet
getWebAppContextConfigurations,get web application context configurations
postProcessWebAppContext,post process web application context
parseURL,parse Uniform resource locator
createTcpTransport,create Transmission control protocol Transport
getAnsiResolver,get American National Standards Institute Resolver
getSelfInitializationConfig,get Self Initialization Configuration
getJsonParser,get Java script object notation Parser
createYaml,create yet another markup languge
getBeanInfo,get Bean Information
getTargetRepo,get Target Repository
getAsync,get Asynchrony
downloadFileFromURL,download File From Uniform resource locator
setPluginXml,set Plugin Extensible markup language
getExclusionsByDependencyId,get Exclusions By Dependency Identifier
setOutputDir,set Output Directory
determineArtifactoryRepo,determine Artifactory Repository
receiveConnectionAsync,receive Connection Asynchrony
makeDynamicConfigFilename,make Dynamic Configuration Filename
backupOldConfig,backup Old Configuration
printStat,print Statement
getSslAuthProviderProperty,get Secure Sockets Layer Authentication Provider Property
getMinBufferSize,get Minimum Buffer Size
getDefaultSSLContext,get Default Secure Sockets Layer Context
makeURIString,make Uniform Resource Identifier String
isMultiAddressEnabled,is Multiple Address Enabled
getSourceIP,get Source Internet Protocol
getConfig,get Configuration
getClientConfig,get Client Configuration
getAvgLatency,get Average Latency
genCode,generate Code
toNettyClientAuth,to Netty Client Authentication
handleNonSsl,handle Non Secure Sockets Layer
getMaxWriteQueuePollTime,get Maximum Write Queue Poll Time
getLastSnapshotInfo,get Last Snapshot Information
configureSSLAuth,configure Secure Sockets Layer Authentication
multi,multiple
revalidateOutstandingProp,revalidate Outstanding Proposal
parseDynamicConfig,parse Dynamic Configuration
setJvmPauseMonitor,set Java virtual machine Pause Monitor
decInProcess,decrement In Process
baseDir,base Directory
nonVotingFollowerInfo,non Voting Follower Information
getReferenceCountedAclCache,get Reference Counted Access control list Cache
getOutstandingHandshakeNum,get Outstanding Hand shake Number
disableRecv,disable Receive
setTcpNoDelay,set Transmission Control Protocol No Delay
initChannel,initialize Channel
getHandshakeDetectionTimeoutMillis,get Handshake Detection Timeout Milliseconds
enableCertFileReloading,enable Certificate File Reloading
createSSLContext,create Secure Sockets Layer Context
configureSSLSocket,configure Secure Sockets Layer Socket
setMaxTokens,set Maximum Tokens
setLargeRequestMaxBytes,set Large Request Maximum Bytes
setAsyncSending,set Asynchrony Sending
getPeerInfo,get Peer Information
getLargeRequestMaxBytes,get Large Request Maximum Bytes
getDirSize,get Directory Size
getAvgRequestLatency,get Average Request Latency
getMin,get Minimum
processCmd,process Command
getPasswordFromConfigPropertyOrFile,get Password From Configuration Property Or File
setRecv,set Receive
setMinSessionTimeout,set Minimum Session Timeout
setInitLimit,set Initialization Limit
logEnv,log Environment
getSessionPasswd,get Session Password
getArgArray,get Argument Array
dumpConf,dump Configure
decOutstanding,descending Outstanding
trimProcQuotas,trim Process Quotas
getAvg,get Average
makeFileLoggerURL,make File Logger Uniform Resource Locator
checkSnapDir,check Snap Directory
checkLogDir,check Log Directory
setAddrs,set Addresses
setReconfigEnabled,set Reconfiguration Enabled
runFromConfig,run From Configuration
generatePasswd,generate Password
createCommandUri,create Command Uniform resource identifier
checkPasswd,check Password
authWriteRequest,Authentication Write Request
printHex,print Hexadecimal
formatInetAddr,format Inet Address
sendPktAndFlush,send Packet And Flush
logMultiOperation,log Multiple Operation
isEnforceAuthEnabled,is Enforce Authentication Enabled
addConfigNode,add Configuration Node
aclToString,access control list To String
init,initialize
getRecvCount,get Receive Count
getDataDir,get Data Directory
getCmdStr,get Command String
finishSessionInit,finish Session Initialization
decrLevel,decrease Level
configureSaslLogin,configure simple authentication security layer Login
addArg,add Argument
resetAuthFailedCount,reset Authentication Failed Count
getLogDirSize,get Log Directory Size
getDataDirSize,get Data Directory Size
connClosedByClient,connect Closed By Client
getSetAcls,get Set Access control lists
getZooKeeperSaslClient,get ZooKeeper simple authentication security layer Client
generateMultiTransaction,generate Multiple Transaction
printZnodeJson,print znode Java Script object notation
generateJSON,generate Java Script Object Notation
writeInt,write Integer
getRecvWorker,get Receive Worker
getLogDir,get Log Directory
getConfigFilename,get Configuration Filename
getCommitProcMaxReadBatchSize,get Commit Process Maximum Read Batch Size
getCmdArgument,get Command Argument
getClientConfigStr,get Client Configuration String
getAddrs,get Addresses
findMaxPrefix,find Maximum Prefix
buildMsg,build Message
ackSetsToString,acknowledge Sets To String
